scenario,controller,seed,distance_rmse_m,distance_mae_m,max_abs_error_m,bearing_rmse_rad,minimum_distance_m,within_025m_fraction,close_duration_s,stale_duration_s,command_acceleration_rms,command_angular_acceleration_rms,command_effort_proxy
straight,legacy_neuro_fuzzy,0,0.29461014428804483,0.2937770217827773,0.29676206144120787,0.0004432907574977053,1.5,0.017333333333333333,0.0,0.0,0.06480762114928179,0.003293210902067863,9.572107433222588
straight,legacy_neuro_fuzzy,1,0.29461014428804483,0.2937770217827773,0.29676206144120787,0.0004432907574977053,1.5,0.017333333333333333,0.0,0.0,0.06480762114928179,0.003293210902067863,9.572107433222588
straight,legacy_neuro_fuzzy,2,0.29461014428804483,0.2937770217827773,0.29676206144120787,0.0004432907574977053,1.5,0.017333333333333333,0.0,0.0,0.06480762114928179,0.003293210902067863,9.572107433222588
straight,legacy_neuro_fuzzy,3,0.29461014428804483,0.2937770217827773,0.29676206144120787,0.0004432907574977053,1.5,0.017333333333333333,0.0,0.0,0.06480762114928179,0.003293210902067863,9.572107433222588
straight,legacy_neuro_fuzzy,4,0.29461014428804483,0.2937770217827773,0.29676206144120787,0.0004432907574977053,1.5,0.017333333333333333,0.0,0.0,0.06480762114928179,0.003293210902067863,9.572107433222588
straight,pid,0,0.03504147096020616,0.012928277940441397,0.22230384005854997,0.0,1.4588130680600817,1.0,0.0,0.0,0.09756936601435767,0.0,9.863502338930601
straight,pid,1,0.03504147096020616,0.012928277940441397,0.22230384005854997,0.0,1.4588130680600817,1.0,0.0,0.0,0.09756936601435767,0.0,9.863502338930601
straight,pid,2,0.03504147096020616,0.012928277940441397,0.22230384005854997,0.0,1.4588130680600817,1.0,0.0,0.0,0.09756936601435767,0.0,9.863502338930601
straight,pid,3,0.03504147096020616,0.012928277940441397,0.22230384005854997,0.0,1.4588130680600817,1.0,0.0,0.0,0.09756936601435767,0.0,9.863502338930601
straight,pid,4,0.03504147096020616,0.012928277940441397,0.22230384005854997,0.0,1.4588130680600817,1.0,0.0,0.0,0.09756936601435767,0.0,9.863502338930601
straight,fuzzy,0,0.0410994269745039,0.011538131196974132,0.23357219084167147,3.3998651916213085e-19,1.5,1.0,0.0,0.0,0.08638167531440351,2.640177924995652e-18,9.851821929802638
straight,fuzzy,1,0.0410994269745039,0.011538131196974132,0.23357219084167147,3.3998651916213085e-19,1.5,1.0,0.0,0.0,0.08638167531440351,2.640177924995652e-18,9.851821929802638
straight,fuzzy,2,0.0410994269745039,0.011538131196974132,0.23357219084167147,3.3998651916213085e-19,1.5,1.0,0.0,0.0,0.08638167531440351,2.640177924995652e-18,9.851821929802638
straight,fuzzy,3,0.0410994269745039,0.011538131196974132,0.23357219084167147,3.3998651916213085e-19,1.5,1.0,0.0,0.0,0.08638167531440351,2.640177924995652e-18,9.851821929802638
straight,fuzzy,4,0.0410994269745039,0.011538131196974132,0.23357219084167147,3.3998651916213085e-19,1.5,1.0,0.0,0.0,0.08638167531440351,2.640177924995652e-18,9.851821929802638
straight,neuro_fuzzy,0,0.029346234868420158,0.005362648714577576,0.21939230003458055,0.00042770645963970805,1.4955762556219212,1.0,0.0,0.0,0.1157964793573172,0.0024382602486540303,9.877523341724077
straight,neuro_fuzzy,1,0.029346234868420158,0.005362648714577576,0.21939230003458055,0.00042770645963970805,1.4955762556219212,1.0,0.0,0.0,0.1157964793573172,0.0024382602486540303,9.877523341724077
straight,neuro_fuzzy,2,0.029346234868420158,0.005362648714577576,0.21939230003458055,0.00042770645963970805,1.4955762556219212,1.0,0.0,0.0,0.1157964793573172,0.0024382602486540303,9.877523341724077
straight,neuro_fuzzy,3,0.029346234868420158,0.005362648714577576,0.21939230003458055,0.00042770645963970805,1.4955762556219212,1.0,0.0,0.0,0.1157964793573172,0.0024382602486540303,9.877523341724077
straight,neuro_fuzzy,4,0.029346234868420158,0.005362648714577576,0.21939230003458055,0.00042770645963970805,1.4955762556219212,1.0,0.0,0.0,0.1157964793573172,0.0024382602486540303,9.877523341724077
circle,legacy_neuro_fuzzy,0,0.2594571414467622,0.2587089634061781,0.2899844193751393,0.06002937298934813,1.5,0.018,0.0,0.0,0.06459538051419707,0.009096919258451422,8.147067883161386
circle,legacy_neuro_fuzzy,1,0.2594571414467622,0.2587089634061781,0.2899844193751393,0.06002937298934813,1.5,0.018,0.0,0.0,0.06459538051419707,0.009096919258451422,8.147067883161386
circle,legacy_neuro_fuzzy,2,0.2594571414467622,0.2587089634061781,0.2899844193751393,0.06002937298934813,1.5,0.018,0.0,0.0,0.06459538051419707,0.009096919258451422,8.147067883161386
circle,legacy_neuro_fuzzy,3,0.2594571414467622,0.2587089634061781,0.2899844193751393,0.06002937298934813,1.5,0.018,0.0,0.0,0.06459538051419707,0.009096919258451422,8.147067883161386
circle,legacy_neuro_fuzzy,4,0.2594571414467622,0.2587089634061781,0.2899844193751393,0.06002937298934813,1.5,0.018,0.0,0.0,0.06459538051419707,0.009096919258451422,8.147067883161386
circle,pid,0,0.03602416634445592,0.015076836217426207,0.22157619961910813,0.006387678705974833,1.4504114318753643,1.0,0.0,0.0,0.0977176770747219,0.009310219253970152,8.727020752934736
circle,pid,1,0.03602416634445592,0.015076836217426207,0.22157619961910813,0.006387678705974833,1.4504114318753643,1.0,0.0,0.0,0.0977176770747219,0.009310219253970152,8.727020752934736
circle,pid,2,0.03602416634445592,0.015076836217426207,0.22157619961910813,0.006387678705974833,1.4504114318753643,1.0,0.0,0.0,0.0977176770747219,0.009310219253970152,8.727020752934736
circle,pid,3,0.03602416634445592,0.015076836217426207,0.22157619961910813,0.006387678705974833,1.4504114318753643,1.0,0.0,0.0,0.0977176770747219,0.009310219253970152,8.727020752934736
circle,pid,4,0.03602416634445592,0.015076836217426207,0.22157619961910813,0.006387678705974833,1.4504114318753643,1.0,0.0,0.0,0.0977176770747219,0.009310219253970152,8.727020752934736
circle,fuzzy,0,0.04451840088112707,0.028373388417963705,0.23275259654743863,0.015787010441429033,1.4786473147334318,1.0,0.0,0.0,0.0864277057109996,0.009098581494310613,8.829723528928072
circle,fuzzy,1,0.04451840088112707,0.028373388417963705,0.23275259654743863,0.015787010441429033,1.4786473147334318,1.0,0.0,0.0,0.0864277057109996,0.009098581494310613,8.829723528928072
circle,fuzzy,2,0.04451840088112707,0.028373388417963705,0.23275259654743863,0.015787010441429033,1.4786473147334318,1.0,0.0,0.0,0.0864277057109996,0.009098581494310613,8.829723528928072
circle,fuzzy,3,0.04451840088112707,0.028373388417963705,0.23275259654743863,0.015787010441429033,1.4786473147334318,1.0,0.0,0.0,0.0864277057109996,0.009098581494310613,8.829723528928072
circle,fuzzy,4,0.04451840088112707,0.028373388417963705,0.23275259654743863,0.015787010441429033,1.4786473147334318,1.0,0.0,0.0,0.0864277057109996,0.009098581494310613,8.829723528928072
circle,neuro_fuzzy,0,0.030435321852525562,0.013755989529393439,0.21866343734405214,0.00791613779725679,1.490457761233544,1.0,0.0,0.0,0.11612758529067273,0.009227418060051649,8.762868291435653
circle,neuro_fuzzy,1,0.030435321852525562,0.013755989529393439,0.21866343734405214,0.00791613779725679,1.490457761233544,1.0,0.0,0.0,0.11612758529067273,0.009227418060051649,8.762868291435653
circle,neuro_fuzzy,2,0.030435321852525562,0.013755989529393439,0.21866343734405214,0.00791613779725679,1.490457761233544,1.0,0.0,0.0,0.11612758529067273,0.009227418060051649,8.762868291435653
circle,neuro_fuzzy,3,0.030435321852525562,0.013755989529393439,0.21866343734405214,0.00791613779725679,1.490457761233544,1.0,0.0,0.0,0.11612758529067273,0.009227418060051649,8.762868291435653
circle,neuro_fuzzy,4,0.030435321852525562,0.013755989529393439,0.21866343734405214,0.00791613779725679,1.490457761233544,1.0,0.0,0.0,0.11612758529067273,0.009227418060051649,8.762868291435653
figure_eight,legacy_neuro_fuzzy,0,0.20642227376520073,0.1806677870318537,0.35282068926360655,0.08614200662733366,1.5,0.7346666666666667,0.0,0.0,0.09872920591981675,0.06785218767580808,6.388968448793712
figure_eight,legacy_neuro_fuzzy,1,0.20642227376520073,0.1806677870318537,0.35282068926360655,0.08614200662733366,1.5,0.7346666666666667,0.0,0.0,0.09872920591981675,0.06785218767580808,6.388968448793712
figure_eight,legacy_neuro_fuzzy,2,0.20642227376520073,0.1806677870318537,0.35282068926360655,0.08614200662733366,1.5,0.7346666666666667,0.0,0.0,0.09872920591981675,0.06785218767580808,6.388968448793712
figure_eight,legacy_neuro_fuzzy,3,0.20642227376520073,0.1806677870318537,0.35282068926360655,0.08614200662733366,1.5,0.7346666666666667,0.0,0.0,0.09872920591981675,0.06785218767580808,6.388968448793712
figure_eight,legacy_neuro_fuzzy,4,0.20642227376520073,0.1806677870318537,0.35282068926360655,0.08614200662733366,1.5,0.7346666666666667,0.0,0.0,0.09872920591981675,0.06785218767580808,6.388968448793712
figure_eight,pid,0,0.057294101751895914,0.04394454093393672,0.23648245092624065,0.017587338047859027,1.4020709087834784,1.0,0.0,0.0,0.1325773720742991,0.0946876393838803,7.447704275017132
figure_eight,pid,1,0.057294101751895914,0.04394454093393672,0.23648245092624065,0.017587338047859027,1.4020709087834784,1.0,0.0,0.0,0.1325773720742991,0.0946876393838803,7.447704275017132
figure_eight,pid,2,0.057294101751895914,0.04394454093393672,0.23648245092624065,0.017587338047859027,1.4020709087834784,1.0,0.0,0.0,0.1325773720742991,0.0946876393838803,7.447704275017132
figure_eight,pid,3,0.057294101751895914,0.04394454093393672,0.23648245092624065,0.017587338047859027,1.4020709087834784,1.0,0.0,0.0,0.1325773720742991,0.0946876393838803,7.447704275017132
figure_eight,pid,4,0.057294101751895914,0.04394454093393672,0.23648245092624065,0.017587338047859027,1.4020709087834784,1.0,0.0,0.0,0.1325773720742991,0.0946876393838803,7.447704275017132
figure_eight,fuzzy,0,0.07539918858614796,0.061583443506462165,0.2481179645987881,0.029121834947414216,1.3865441593291414,1.0,0.0,0.0,0.12146314654002859,0.0782969825637982,7.65523204035807
figure_eight,fuzzy,1,0.07539918858614796,0.061583443506462165,0.2481179645987881,0.029121834947414216,1.3865441593291414,1.0,0.0,0.0,0.12146314654002859,0.0782969825637982,7.65523204035807
figure_eight,fuzzy,2,0.07539918858614796,0.061583443506462165,0.2481179645987881,0.029121834947414216,1.3865441593291414,1.0,0.0,0.0,0.12146314654002859,0.0782969825637982,7.65523204035807
figure_eight,fuzzy,3,0.07539918858614796,0.061583443506462165,0.2481179645987881,0.029121834947414216,1.3865441593291414,1.0,0.0,0.0,0.12146314654002859,0.0782969825637982,7.65523204035807
figure_eight,fuzzy,4,0.07539918858614796,0.061583443506462165,0.2481179645987881,0.029121834947414216,1.3865441593291414,1.0,0.0,0.0,0.12146314654002859,0.0782969825637982,7.65523204035807
figure_eight,neuro_fuzzy,0,0.04513365900393183,0.0323150025851769,0.23313274166967024,0.016617582545941673,1.4441840905847074,1.0,0.0,0.0,0.14491113467178385,0.10171230864120942,7.438252011558703
figure_eight,neuro_fuzzy,1,0.04513365900393183,0.0323150025851769,0.23313274166967024,0.016617582545941673,1.4441840905847074,1.0,0.0,0.0,0.14491113467178385,0.10171230864120942,7.438252011558703
figure_eight,neuro_fuzzy,2,0.04513365900393183,0.0323150025851769,0.23313274166967024,0.016617582545941673,1.4441840905847074,1.0,0.0,0.0,0.14491113467178385,0.10171230864120942,7.438252011558703
figure_eight,neuro_fuzzy,3,0.04513365900393183,0.0323150025851769,0.23313274166967024,0.016617582545941673,1.4441840905847074,1.0,0.0,0.0,0.14491113467178385,0.10171230864120942,7.438252011558703
figure_eight,neuro_fuzzy,4,0.04513365900393183,0.0323150025851769,0.23313274166967024,0.016617582545941673,1.4441840905847074,1.0,0.0,0.0,0.14491113467178385,0.10171230864120942,7.438252011558703
stop_go,legacy_neuro_fuzzy,0,0.23711050937314643,0.2053198003009958,0.2967619039079106,0.003179316354815372,1.5,0.39,0.0,0.0,0.18618207249522084,0.005856182092055181,6.127532872785205
stop_go,legacy_neuro_fuzzy,1,0.23711050937314643,0.2053198003009958,0.2967619039079106,0.003179316354815372,1.5,0.39,0.0,0.0,0.18618207249522084,0.005856182092055181,6.127532872785205
stop_go,legacy_neuro_fuzzy,2,0.23711050937314643,0.2053198003009958,0.2967619039079106,0.003179316354815372,1.5,0.39,0.0,0.0,0.18618207249522084,0.005856182092055181,6.127532872785205
stop_go,legacy_neuro_fuzzy,3,0.23711050937314643,0.2053198003009958,0.2967619039079106,0.003179316354815372,1.5,0.39,0.0,0.0,0.18618207249522084,0.005856182092055181,6.127532872785205
stop_go,legacy_neuro_fuzzy,4,0.23711050937314643,0.2053198003009958,0.2967619039079106,0.003179316354815372,1.5,0.39,0.0,0.0,0.18618207249522084,0.005856182092055181,6.127532872785205
stop_go,pid,0,0.1379742983958286,0.10962742632557344,0.254851207952151,0.0,1.245148792047849,0.934,0.0,0.0,0.24237709785388437,0.0,6.731626861230361
stop_go,pid,1,0.1379742983958286,0.10962742632557344,0.254851207952151,0.0,1.245148792047849,0.934,0.0,0.0,0.24237709785388437,0.0,6.731626861230361
stop_go,pid,2,0.1379742983958286,0.10962742632557344,0.254851207952151,0.0,1.245148792047849,0.934,0.0,0.0,0.24237709785388437,0.0,6.731626861230361
stop_go,pid,3,0.1379742983958286,0.10962742632557344,0.254851207952151,0.0,1.245148792047849,0.934,0.0,0.0,0.24237709785388437,0.0,6.731626861230361
stop_go,pid,4,0.1379742983958286,0.10962742632557344,0.254851207952151,0.0,1.245148792047849,0.934,0.0,0.0,0.24237709785388437,0.0,6.731626861230361
stop_go,fuzzy,0,0.14198294702373165,0.10057189093561814,0.24203465208545616,3.472049335291469e-17,1.2579653479145438,1.0,0.0,0.0,0.22693282200160425,3.651379848515726e-17,6.648346482641658
stop_go,fuzzy,1,0.14198294702373165,0.10057189093561814,0.24203465208545616,3.472049335291469e-17,1.2579653479145438,1.0,0.0,0.0,0.22693282200160425,3.651379848515726e-17,6.648346482641658
stop_go,fuzzy,2,0.14198294702373165,0.10057189093561814,0.24203465208545616,3.472049335291469e-17,1.2579653479145438,1.0,0.0,0.0,0.22693282200160425,3.651379848515726e-17,6.648346482641658
stop_go,fuzzy,3,0.14198294702373165,0.10057189093561814,0.24203465208545616,3.472049335291469e-17,1.2579653479145438,1.0,0.0,0.0,0.22693282200160425,3.651379848515726e-17,6.648346482641658
stop_go,fuzzy,4,0.14198294702373165,0.10057189093561814,0.24203465208545616,3.472049335291469e-17,1.2579653479145438,1.0,0.0,0.0,0.22693282200160425,3.651379848515726e-17,6.648346482641658
stop_go,neuro_fuzzy,0,0.13267435019342647,0.08643121963500251,0.22931992716581706,0.0009081675624459904,1.270680072834183,1.0,0.0,0.0,0.2643162060771733,0.003375298758335239,6.772125981080608
stop_go,neuro_fuzzy,1,0.13267435019342647,0.08643121963500251,0.22931992716581706,0.0009081675624459904,1.270680072834183,1.0,0.0,0.0,0.2643162060771733,0.003375298758335239,6.772125981080608
stop_go,neuro_fuzzy,2,0.13267435019342647,0.08643121963500251,0.22931992716581706,0.0009081675624459904,1.270680072834183,1.0,0.0,0.0,0.2643162060771733,0.003375298758335239,6.772125981080608
stop_go,neuro_fuzzy,3,0.13267435019342647,0.08643121963500251,0.22931992716581706,0.0009081675624459904,1.270680072834183,1.0,0.0,0.0,0.2643162060771733,0.003375298758335239,6.772125981080608
stop_go,neuro_fuzzy,4,0.13267435019342647,0.08643121963500251,0.22931992716581706,0.0009081675624459904,1.270680072834183,1.0,0.0,0.0,0.2643162060771733,0.003375298758335239,6.772125981080608
noisy_delay,legacy_neuro_fuzzy,0,0.21286757016045546,0.18474893540057707,0.3938398399053826,0.0870882007524853,1.4757271319018435,0.7273333333333334,0.0,0.128,0.7317125138956551,2.093712938662337,6.784492463697012
noisy_delay,legacy_neuro_fuzzy,1,0.2144659979516582,0.18545555535844982,0.3916107330271079,0.08613096482843151,1.4690378003753803,0.718,0.0,0.128,0.7212025386512508,2.112328889446492,6.756152204275797
noisy_delay,legacy_neuro_fuzzy,2,0.21377035128398217,0.18473528116002463,0.38252232041445144,0.08486539038817476,1.4759309476095122,0.7126666666666667,0.0,0.128,0.7243104869138646,2.133236766806153,6.776995926938433
noisy_delay,legacy_neuro_fuzzy,3,0.20983734884169786,0.18085918294001596,0.39087257356134675,0.08740042687296527,1.4764691613089596,0.7306666666666667,0.0,0.128,0.7291749627557679,2.134978688030533,6.809984373129286
noisy_delay,legacy_neuro_fuzzy,4,0.2105907273339562,0.1826227408200663,0.40639334252693815,0.08768674402114557,1.4627630961360214,0.7246666666666667,0.0,0.128,0.7201617246580605,2.129654726279907,6.809299739558992
noisy_delay,pid,0,0.07961835408637098,0.059080329179985576,0.34614832740987134,0.026379161867900826,1.346417520130508,0.978,0.0,0.128,0.5075201353096903,0.4165724295140002,7.93344825185771
noisy_delay,pid,1,0.0766788797152864,0.058765823466547726,0.31730719476294644,0.02546936284188432,1.3677646686120266,0.9813333333333333,0.0,0.128,0.49506306073801093,0.43082100740061907,7.861818592060208
noisy_delay,pid,2,0.07256033370039185,0.05462169972209748,0.2838369242818144,0.02349085688989593,1.3538973481103487,0.9866666666666667,0.0,0.128,0.5057265020971363,0.43065459940661877,7.861083545778972
noisy_delay,pid,3,0.08915905800044659,0.06223791437674741,0.4075049622244822,0.025301339440919224,1.337160980966977,0.972,0.0,0.128,0.500353703823065,0.4486985980623386,8.023869046262606
noisy_delay,pid,4,0.0768552176605379,0.058809959985165215,0.3014706853371105,0.026152477713104666,1.3321401434248923,0.984,0.0,0.128,0.47973968957205865,0.4385365413829826,7.881305119409733
noisy_delay,fuzzy,0,0.09901839934957099,0.07858085071916177,0.3544091457879883,0.03932937085420008,1.344937705011818,0.9746666666666667,0.0,0.128,0.4357544672187939,0.28112539911925205,8.054311366811078
noisy_delay,fuzzy,1,0.1003753270627876,0.08097092891173546,0.33807959819132494,0.03877020162362562,1.3453629788856676,0.9746666666666667,0.0,0.128,0.42897522469860755,0.29157008133868845,8.02546648381868
noisy_delay,fuzzy,2,0.09433664850244876,0.07769297554167788,0.30080214089305723,0.03614953202419071,1.348524835710527,0.9806666666666667,0.0,0.128,0.43451248542586507,0.28999162391405214,8.021932577648567
noisy_delay,fuzzy,3,0.10723766298025122,0.08351182630969475,0.4172318491753739,0.0381573162605945,1.3445556508736398,0.9673333333333334,0.0,0.128,0.4351653385924733,0.30095410981971404,8.115893935449481
noisy_delay,fuzzy,4,0.09741394546632125,0.07996973816014859,0.3141396559098206,0.03904714164821835,1.3384513551347317,0.978,0.0,0.128,0.4127244137181569,0.296136363500027,8.03887450362916
noisy_delay,neuro_fuzzy,0,0.06875208506552893,0.04748440210201279,0.3397699353497534,0.025666188940722548,1.4004284872163026,0.9793333333333333,0.0,0.128,0.5236226288682859,0.412195798859311,7.996252488697773
noisy_delay,neuro_fuzzy,1,0.06518466304435332,0.04873596025787706,0.30316909668259484,0.02438114251726142,1.40694152914831,0.984,0.0,0.128,0.5171334242764224,0.4239617258238971,7.9013419530766225
noisy_delay,neuro_fuzzy,2,0.06110150043997331,0.04554024773209458,0.2779037226944532,0.02273666063293163,1.3907738260384501,0.9886666666666667,0.0,0.128,0.5247407820489328,0.4271895977896338,7.94297438653672
noisy_delay,neuro_fuzzy,3,0.07950553964419063,0.05300604183987542,0.39861514020977773,0.02475567781019273,1.3914143384715147,0.9733333333333334,0.0,0.128,0.515680869801066,0.4443443431826397,8.081378494637995
noisy_delay,neuro_fuzzy,4,0.06725105073875302,0.051421245945352606,0.3011122968326163,0.0255564673393004,1.38850117312946,0.9846666666666667,0.0,0.128,0.49961192244561886,0.4325319171244351,7.947198443307723
target_loss,legacy_neuro_fuzzy,0,0.2492670308580196,0.21173149323334345,0.6506440214883393,0.11109793159909052,1.4649548250908655,0.6306666666666667,0.0,3.456,0.37052613244988447,0.42023471995559747,6.910039626808519
target_loss,legacy_neuro_fuzzy,1,0.2492670308580196,0.21173149323334345,0.6506440214883393,0.11109793159909052,1.4649548250908655,0.6306666666666667,0.0,3.456,0.37052613244988447,0.42023471995559747,6.910039626808519
target_loss,legacy_neuro_fuzzy,2,0.2492670308580196,0.21173149323334345,0.6506440214883393,0.11109793159909052,1.4649548250908655,0.6306666666666667,0.0,3.456,0.37052613244988447,0.42023471995559747,6.910039626808519
target_loss,legacy_neuro_fuzzy,3,0.2492670308580196,0.21173149323334345,0.6506440214883393,0.11109793159909052,1.4649548250908655,0.6306666666666667,0.0,3.456,0.37052613244988447,0.42023471995559747,6.910039626808519
target_loss,legacy_neuro_fuzzy,4,0.2492670308580196,0.21173149323334345,0.6506440214883393,0.11109793159909052,1.4649548250908655,0.6306666666666667,0.0,3.456,0.37052613244988447,0.42023471995559747,6.910039626808519
target_loss,pid,0,0.11667880657166162,0.0731049167608771,0.4978848528620994,0.05784050522492067,1.3713577150162226,0.9406666666666667,0.0,3.456,0.39987814976757,0.32671986192522906,7.868311010174308
target_loss,pid,1,0.11667880657166162,0.0731049167608771,0.4978848528620994,0.05784050522492067,1.3713577150162226,0.9406666666666667,0.0,3.456,0.39987814976757,0.32671986192522906,7.868311010174308
target_loss,pid,2,0.11667880657166162,0.0731049167608771,0.4978848528620994,0.05784050522492067,1.3713577150162226,0.9406666666666667,0.0,3.456,0.39987814976757,0.32671986192522906,7.868311010174308
target_loss,pid,3,0.11667880657166162,0.0731049167608771,0.4978848528620994,0.05784050522492067,1.3713577150162226,0.9406666666666667,0.0,3.456,0.39987814976757,0.32671986192522906,7.868311010174308
target_loss,pid,4,0.11667880657166162,0.0731049167608771,0.4978848528620994,0.05784050522492067,1.3713577150162226,0.9406666666666667,0.0,3.456,0.39987814976757,0.32671986192522906,7.868311010174308
target_loss,fuzzy,0,0.12032541169021585,0.07828814021614769,0.48993219877330074,0.0705776353924748,1.400878294737916,0.9373333333333334,0.0,3.456,0.39321348204537476,0.2585993281547806,7.694747839280926
target_loss,fuzzy,1,0.12032541169021585,0.07828814021614769,0.48993219877330074,0.0705776353924748,1.400878294737916,0.9373333333333334,0.0,3.456,0.39321348204537476,0.2585993281547806,7.694747839280926
target_loss,fuzzy,2,0.12032541169021585,0.07828814021614769,0.48993219877330074,0.0705776353924748,1.400878294737916,0.9373333333333334,0.0,3.456,0.39321348204537476,0.2585993281547806,7.694747839280926
target_loss,fuzzy,3,0.12032541169021585,0.07828814021614769,0.48993219877330074,0.0705776353924748,1.400878294737916,0.9373333333333334,0.0,3.456,0.39321348204537476,0.2585993281547806,7.694747839280926
target_loss,fuzzy,4,0.12032541169021585,0.07828814021614769,0.48993219877330074,0.0705776353924748,1.400878294737916,0.9373333333333334,0.0,3.456,0.39321348204537476,0.2585993281547806,7.694747839280926
target_loss,neuro_fuzzy,0,0.103498739376016,0.05728575114122049,0.48305401396698566,0.056343194837027266,1.4290219136204005,0.948,0.0,3.456,0.422551192262377,0.36539124631722153,7.9773299567844695
target_loss,neuro_fuzzy,1,0.103498739376016,0.05728575114122049,0.48305401396698566,0.056343194837027266,1.4290219136204005,0.948,0.0,3.456,0.422551192262377,0.36539124631722153,7.9773299567844695
target_loss,neuro_fuzzy,2,0.103498739376016,0.05728575114122049,0.48305401396698566,0.056343194837027266,1.4290219136204005,0.948,0.0,3.456,0.422551192262377,0.36539124631722153,7.9773299567844695
target_loss,neuro_fuzzy,3,0.103498739376016,0.05728575114122049,0.48305401396698566,0.056343194837027266,1.4290219136204005,0.948,0.0,3.456,0.422551192262377,0.36539124631722153,7.9773299567844695
target_loss,neuro_fuzzy,4,0.103498739376016,0.05728575114122049,0.48305401396698566,0.056343194837027266,1.4290219136204005,0.948,0.0,3.456,0.422551192262377,0.36539124631722153,7.9773299567844695
wheel_mismatch,legacy_neuro_fuzzy,0,0.22385729579794839,0.19562177743600176,0.40596947562788976,0.11274077029699817,1.458670030786499,0.71,0.0,0.0,0.10560531641845962,0.08592557965102328,8.64018692154502
wheel_mismatch,legacy_neuro_fuzzy,1,0.22385729579794839,0.19562177743600176,0.40596947562788976,0.11274077029699817,1.458670030786499,0.71,0.0,0.0,0.10560531641845962,0.08592557965102328,8.64018692154502
wheel_mismatch,legacy_neuro_fuzzy,2,0.22385729579794839,0.19562177743600176,0.40596947562788976,0.11274077029699817,1.458670030786499,0.71,0.0,0.0,0.10560531641845962,0.08592557965102328,8.64018692154502
wheel_mismatch,legacy_neuro_fuzzy,3,0.22385729579794839,0.19562177743600176,0.40596947562788976,0.11274077029699817,1.458670030786499,0.71,0.0,0.0,0.10560531641845962,0.08592557965102328,8.64018692154502
wheel_mismatch,legacy_neuro_fuzzy,4,0.22385729579794839,0.19562177743600176,0.40596947562788976,0.11274077029699817,1.458670030786499,0.71,0.0,0.0,0.10560531641845962,0.08592557965102328,8.64018692154502
wheel_mismatch,pid,0,0.06634356226345127,0.05241482679824338,0.24727135533002054,0.07513388619607418,1.4215823616097951,1.0,0.0,0.0,0.13647247102361515,0.12737734048324192,10.220309583866657
wheel_mismatch,pid,1,0.06634356226345127,0.05241482679824338,0.24727135533002054,0.07513388619607418,1.4215823616097951,1.0,0.0,0.0,0.13647247102361515,0.12737734048324192,10.220309583866657
wheel_mismatch,pid,2,0.06634356226345127,0.05241482679824338,0.24727135533002054,0.07513388619607418,1.4215823616097951,1.0,0.0,0.0,0.13647247102361515,0.12737734048324192,10.220309583866657
wheel_mismatch,pid,3,0.06634356226345127,0.05241482679824338,0.24727135533002054,0.07513388619607418,1.4215823616097951,1.0,0.0,0.0,0.13647247102361515,0.12737734048324192,10.220309583866657
wheel_mismatch,pid,4,0.06634356226345127,0.05241482679824338,0.24727135533002054,0.07513388619607418,1.4215823616097951,1.0,0.0,0.0,0.13647247102361515,0.12737734048324192,10.220309583866657
wheel_mismatch,fuzzy,0,0.08830698588923971,0.06953665639922242,0.26052458930812916,0.1515774702918293,1.36451097324707,0.9893333333333333,0.0,0.0,0.12414293865843098,0.10427920709515247,10.40388729383148
wheel_mismatch,fuzzy,1,0.08830698588923971,0.06953665639922242,0.26052458930812916,0.1515774702918293,1.36451097324707,0.9893333333333333,0.0,0.0,0.12414293865843098,0.10427920709515247,10.40388729383148
wheel_mismatch,fuzzy,2,0.08830698588923971,0.06953665639922242,0.26052458930812916,0.1515774702918293,1.36451097324707,0.9893333333333333,0.0,0.0,0.12414293865843098,0.10427920709515247,10.40388729383148
wheel_mismatch,fuzzy,3,0.08830698588923971,0.06953665639922242,0.26052458930812916,0.1515774702918293,1.36451097324707,0.9893333333333333,0.0,0.0,0.12414293865843098,0.10427920709515247,10.40388729383148
wheel_mismatch,fuzzy,4,0.08830698588923971,0.06953665639922242,0.26052458930812916,0.1515774702918293,1.36451097324707,0.9893333333333333,0.0,0.0,0.12414293865843098,0.10427920709515247,10.40388729383148
wheel_mismatch,neuro_fuzzy,0,0.047596387939099025,0.0327340355901725,0.24393312167606296,0.07327070950108516,1.430647955115044,1.0,0.0,0.0,0.1492714336437956,0.14253866648932711,10.039289184933121
wheel_mismatch,neuro_fuzzy,1,0.047596387939099025,0.0327340355901725,0.24393312167606296,0.07327070950108516,1.430647955115044,1.0,0.0,0.0,0.1492714336437956,0.14253866648932711,10.039289184933121
wheel_mismatch,neuro_fuzzy,2,0.047596387939099025,0.0327340355901725,0.24393312167606296,0.07327070950108516,1.430647955115044,1.0,0.0,0.0,0.1492714336437956,0.14253866648932711,10.039289184933121
wheel_mismatch,neuro_fuzzy,3,0.047596387939099025,0.0327340355901725,0.24393312167606296,0.07327070950108516,1.430647955115044,1.0,0.0,0.0,0.1492714336437956,0.14253866648932711,10.039289184933121
wheel_mismatch,neuro_fuzzy,4,0.047596387939099025,0.0327340355901725,0.24393312167606296,0.07327070950108516,1.430647955115044,1.0,0.0,0.0,0.1492714336437956,0.14253866648932711,10.039289184933121
outliers,legacy_neuro_fuzzy,0,0.21216381355533173,0.18403646008800398,0.3933540676470786,0.0870617273749168,1.4761394668401684,0.728,0.0,0.128,0.7337186875940503,2.094798583891322,6.7822746128088065
outliers,legacy_neuro_fuzzy,1,0.21414985863703637,0.1849553337010117,0.39157848783257854,0.08604858641743621,1.4699295223062765,0.7186666666666667,0.0,0.128,0.7228399425966228,2.1120313979686225,6.760042733360447
outliers,legacy_neuro_fuzzy,2,0.21293729303322706,0.1838357739990998,0.3824977163320573,0.08484837642095189,1.4761906007401342,0.7146666666666667,0.0,0.128,0.7266308434649521,2.131875735041225,6.783706980070297
outliers,legacy_neuro_fuzzy,3,0.20922042550967235,0.18027237923287723,0.39087257356134675,0.08736935501033247,1.4764466439777957,0.7306666666666667,0.0,0.128,0.7309964914733019,2.1358722220333126,6.81461290279998
outliers,legacy_neuro_fuzzy,4,0.21026168807348247,0.18228891556274948,0.4062279518564531,0.08767837249452229,1.4624586085007847,0.7246666666666667,0.0,0.128,0.7195417382383781,2.129462442963507,6.814422637738843
outliers,pid,0,0.08885258520603838,0.06326029316194176,0.40407292381495874,0.03053681612336353,1.3439212216212297,0.9706666666666667,0.0,0.256,0.5259931365609924,0.4194560876180364,8.010628062013481
outliers,pid,1,0.09695031469523503,0.06591912489056095,0.46187811469269247,0.029708936956208888,1.3564128316960136,0.9666666666666667,0.0,0.256,0.5200601524507938,0.4317729949212112,8.010947221700011
outliers,pid,2,0.089725943770153,0.062604004930956,0.4137512481046177,0.02817125121324196,1.3371552726335314,0.9706666666666667,0.0,0.256,0.5264606531162803,0.4288660203103376,7.997086930014579
outliers,pid,3,0.09346084387285336,0.06502325679551596,0.42914637895286245,0.03213841659863695,1.339930198875036,0.9686666666666667,0.0,0.256,0.5218748419887695,0.45453854094367974,8.06636950197181
outliers,pid,4,0.08984453358853844,0.06275152981424711,0.4069143692083954,0.03131515832006269,1.3278149948007936,0.9706666666666667,0.0,0.256,0.5025329749115824,0.4426600080307754,8.03207035819608
outliers,fuzzy,0,0.10908278404151162,0.08378584290232018,0.418043054475586,0.043507143550788635,1.3388559257047183,0.9633333333333334,0.0,0.256,0.4594802520004786,0.2824436982980242,8.106750898699831
outliers,fuzzy,1,0.11945128513852438,0.0882445759877563,0.49029049463443664,0.042864217715768954,1.3351445535357742,0.958,0.0,0.256,0.45775663377157055,0.29140645170562984,8.123433942193257
outliers,fuzzy,2,0.10972558257226557,0.08270156150168714,0.4398548974269141,0.04095797315220559,1.3494061143907772,0.9633333333333334,0.0,0.256,0.460611609261039,0.28771209045749807,8.112139757894242
outliers,fuzzy,3,0.11564417953609533,0.08755302188423426,0.4630531176607504,0.04479944173293806,1.342757025417182,0.9613333333333334,0.0,0.256,0.45975812799205523,0.30060703749830203,8.161113778457302
outliers,fuzzy,4,0.10839687946295994,0.08261601471201675,0.4333622593978297,0.04356426082737849,1.342717911627313,0.964,0.0,0.256,0.44030681943805255,0.2974613260459528,8.113034969718033
outliers,neuro_fuzzy,0,0.07796568158425454,0.05094064815362237,0.39725006126634255,0.029342863191706328,1.3998328025259095,0.9726666666666667,0.0,0.256,0.5429574410891659,0.41695381655430236,8.079888138471706
outliers,neuro_fuzzy,1,0.08344603956085278,0.05475228485152384,0.4262520925724511,0.028164567948163174,1.399536945267906,0.97,0.0,0.256,0.5370896771858698,0.42767089684030996,8.015159885736873
outliers,neuro_fuzzy,2,0.07736860580829742,0.05052711408695549,0.3974854165385846,0.026669486069805404,1.3912897343363075,0.9726666666666667,0.0,0.256,0.539884830793631,0.4261078979040014,8.048500061411296
outliers,neuro_fuzzy,3,0.0802978595136689,0.053909598023172405,0.39754037016804666,0.03099334107137696,1.3907628454064962,0.9726666666666667,0.0,0.256,0.5361950977564093,0.4568018944879463,8.122610062530663
outliers,neuro_fuzzy,4,0.0788297293304775,0.05379434218499152,0.3976385368492026,0.03048077277546287,1.394583322310876,0.9726666666666667,0.0,0.256,0.5181237464647033,0.4404780854747484,8.086278998725449
speed_change,legacy_neuro_fuzzy,0,0.2731394588023537,0.26237568423315955,0.3655371686731459,0.007952738333196183,1.5,0.6506666666666666,0.0,0.0,0.06300843599375243,0.010176754718897245,7.9992619248825285
speed_change,legacy_neuro_fuzzy,1,0.2731394588023537,0.26237568423315955,0.3655371686731459,0.007952738333196183,1.5,0.6506666666666666,0.0,0.0,0.06300843599375243,0.010176754718897245,7.9992619248825285
speed_change,legacy_neuro_fuzzy,2,0.2731394588023537,0.26237568423315955,0.3655371686731459,0.007952738333196183,1.5,0.6506666666666666,0.0,0.0,0.06300843599375243,0.010176754718897245,7.9992619248825285
speed_change,legacy_neuro_fuzzy,3,0.2731394588023537,0.26237568423315955,0.3655371686731459,0.007952738333196183,1.5,0.6506666666666666,0.0,0.0,0.06300843599375243,0.010176754718897245,7.9992619248825285
speed_change,legacy_neuro_fuzzy,4,0.2731394588023537,0.26237568423315955,0.3655371686731459,0.007952738333196183,1.5,0.6506666666666666,0.0,0.0,0.06300843599375243,0.010176754718897245,7.9992619248825285
speed_change,pid,0,0.0318550267241565,0.01933777989765546,0.13315568422577484,0.002189948581718069,1.404739096293331,1.0,0.0,0.0,0.09593541771245606,0.013807707031362314,8.223843323548296
speed_change,pid,1,0.0318550267241565,0.01933777989765546,0.13315568422577484,0.002189948581718069,1.404739096293331,1.0,0.0,0.0,0.09593541771245606,0.013807707031362314,8.223843323548296
speed_change,pid,2,0.0318550267241565,0.01933777989765546,0.13315568422577484,0.002189948581718069,1.404739096293331,1.0,0.0,0.0,0.09593541771245606,0.013807707031362314,8.223843323548296
speed_change,pid,3,0.0318550267241565,0.01933777989765546,0.13315568422577484,0.002189948581718069,1.404739096293331,1.0,0.0,0.0,0.09593541771245606,0.013807707031362314,8.223843323548296
speed_change,pid,4,0.0318550267241565,0.01933777989765546,0.13315568422577484,0.002189948581718069,1.404739096293331,1.0,0.0,0.0,0.09593541771245606,0.013807707031362314,8.223843323548296
speed_change,fuzzy,0,0.040565924293911926,0.020040707845701784,0.15353706588425586,0.003192869394112256,1.3960871727533308,1.0,0.0,0.0,0.0832251707419311,0.010588014570099663,8.221904533514204
speed_change,fuzzy,1,0.040565924293911926,0.020040707845701784,0.15353706588425586,0.003192869394112256,1.3960871727533308,1.0,0.0,0.0,0.0832251707419311,0.010588014570099663,8.221904533514204
speed_change,fuzzy,2,0.040565924293911926,0.020040707845701784,0.15353706588425586,0.003192869394112256,1.3960871727533308,1.0,0.0,0.0,0.0832251707419311,0.010588014570099663,8.221904533514204
speed_change,fuzzy,3,0.040565924293911926,0.020040707845701784,0.15353706588425586,0.003192869394112256,1.3960871727533308,1.0,0.0,0.0,0.0832251707419311,0.010588014570099663,8.221904533514204
speed_change,fuzzy,4,0.040565924293911926,0.020040707845701784,0.15353706588425586,0.003192869394112256,1.3960871727533308,1.0,0.0,0.0,0.0832251707419311,0.010588014570099663,8.221904533514204
speed_change,neuro_fuzzy,0,0.02533653507829253,0.008213158434003167,0.1286056561121054,0.0021347246917391306,1.4108734572645076,1.0,0.0,0.0,0.10996469695874882,0.01461230371161787,8.228299389150333
speed_change,neuro_fuzzy,1,0.02533653507829253,0.008213158434003167,0.1286056561121054,0.0021347246917391306,1.4108734572645076,1.0,0.0,0.0,0.10996469695874882,0.01461230371161787,8.228299389150333
speed_change,neuro_fuzzy,2,0.02533653507829253,0.008213158434003167,0.1286056561121054,0.0021347246917391306,1.4108734572645076,1.0,0.0,0.0,0.10996469695874882,0.01461230371161787,8.228299389150333
speed_change,neuro_fuzzy,3,0.02533653507829253,0.008213158434003167,0.1286056561121054,0.0021347246917391306,1.4108734572645076,1.0,0.0,0.0,0.10996469695874882,0.01461230371161787,8.228299389150333
speed_change,neuro_fuzzy,4,0.02533653507829253,0.008213158434003167,0.1286056561121054,0.0021347246917391306,1.4108734572645076,1.0,0.0,0.0,0.10996469695874882,0.01461230371161787,8.228299389150333
